{
  "dataset": {
    "mode": "synthetic",
    "source": "Synthetic DDoS-like flow dataset",
    "rows": 4800,
    "label_counts": {
      "0": 2400,
      "1": 2400
    }
  },
  "model": {
    "name": "DT-CTS",
    "max_depth": 6,
    "min_samples_split": 20,
    "metrics": {
      "accuracy": 0.9991666666666666,
      "precision": 0.9983361064891847,
      "recall": 1.0,
      "f1": 0.9991673605328892,
      "test_samples": 1200
    },
    "tree": {
      "feature": 4,
      "threshold": 452.60834727713575,
      "left": {
        "feature": 1,
        "threshold": 974.4418577837548,
        "left": {
          "class": 1
        },
        "right": {
          "class": 0
        }
      },
      "right": {
        "class": 1
      }
    }
  },
  "feature_order": [
    "protocol",
    "init_win_bytes_forward",
    "fwd_header_length",
    "packet_length_mean",
    "flow_packets_persecond"
  ],
  "raw_thresholds": {
    "protocol": [],
    "init_win_bytes_forward": [
      974
    ],
    "fwd_header_length": [],
    "packet_length_mean": [],
    "flow_packets_persecond": [
      452
    ]
  },
  "p4_thresholds": {
    "protocol": [
      6,
      6,
      6
    ],
    "init_win_bytes_forward": [
      409,
      974,
      3631
    ],
    "fwd_header_length": [
      93,
      203,
      419
    ],
    "packet_length_mean": [
      142,
      420,
      808
    ],
    "flow_packets_persecond": [
      178,
      420,
      452
    ]
  },
  "attack_bin_values": [
    0,
    1,
    2,
    3,
    4,
    5,
    6,
    7,
    16,
    17,
    18,
    19,
    20,
    21,
    22,
    23,
    32,
    33,
    34,
    35,
    36,
    37,
    38,
    39,
    48,
    49,
    50,
    51,
    52,
    53,
    54,
    55,
    64,
    65,
    66,
    67,
    68,
    69,
    70,
    71,
    80,
    81,
    82,
    83,
    84,
    85,
    86,
    87,
    96,
    97,
    98,
    99,
    100,
    101,
    102,
    103,
    112,
    113,
    114,
    115,
    116,
    117,
    118,
    119,
    128,
    129,
    130,
    131,
    132,
    133,
    134,
    135,
    144,
    145,
    146,
    147,
    148,
    149,
    150,
    151,
    160,
    161,
    162,
    163,
    164,
    165,
    166,
    167,
    176,
    177,
    178,
    179,
    180,
    181,
    182,
    183,
    192,
    193,
    194,
    195,
    196,
    197,
    198,
    199,
    208,
    209,
    210,
    211,
    212,
    213,
    214,
    215,
    224,
    225,
    226,
    227,
    228,
    229,
    230,
    231,
    240,
    241,
    242,
    243,
    244,
    245,
    246,
    247,
    256,
    257,
    258,
    259,
    260,
    261,
    262,
    263,
    272,
    273,
    274,
    275,
    276,
    277,
    278,
    279,
    288,
    289,
    290,
    291,
    292,
    293,
    294,
    295,
    304,
    305,
    306,
    307,
    308,
    309,
    310,
    311,
    320,
    321,
    322,
    323,
    324,
    325,
    326,
    327,
    336,
    337,
    338,
    339,
    340,
    341,
    342,
    343,
    352,
    353,
    354,
    355,
    356,
    357,
    358,
    359,
    368,
    369,
    370,
    371,
    372,
    373,
    374,
    375,
    384,
    385,
    386,
    387,
    388,
    389,
    390,
    391,
    400,
    401,
    402,
    403,
    404,
    405,
    406,
    407,
    416,
    417,
    418,
    419,
    420,
    421,
    422,
    423,
    432,
    433,
    434,
    435,
    436,
    437,
    438,
    439,
    448,
    449,
    450,
    451,
    452,
    453,
    454,
    455,
    464,
    465,
    466,
    467,
    468,
    469,
    470,
    471,
    480,
    481,
    482,
    483,
    484,
    485,
    486,
    487,
    496,
    497,
    498,
    499,
    500,
    501,
    502,
    503,
    512,
    513,
    514,
    515,
    516,
    517,
    518,
    519,
    528,
    529,
    530,
    531,
    532,
    533,
    534,
    535,
    544,
    545,
    546,
    547,
    548,
    549,
    550,
    551,
    560,
    561,
    562,
    563,
    564,
    565,
    566,
    567,
    576,
    577,
    578,
    579,
    580,
    581,
    582,
    583,
    592,
    593,
    594,
    595,
    596,
    597,
    598,
    599,
    608,
    609,
    610,
    611,
    612,
    613,
    614,
    615,
    624,
    625,
    626,
    627,
    628,
    629,
    630,
    631,
    640,
    641,
    642,
    643,
    644,
    645,
    646,
    647,
    656,
    657,
    658,
    659,
    660,
    661,
    662,
    663,
    672,
    673,
    674,
    675,
    676,
    677,
    678,
    679,
    688,
    689,
    690,
    691,
    692,
    693,
    694,
    695,
    704,
    705,
    706,
    707,
    708,
    709,
    710,
    711,
    720,
    721,
    722,
    723,
    724,
    725,
    726,
    727,
    736,
    737,
    738,
    739,
    740,
    741,
    742,
    743,
    752,
    753,
    754,
    755,
    756,
    757,
    758,
    759,
    768,
    769,
    770,
    771,
    772,
    773,
    774,
    775,
    776,
    777,
    778,
    779,
    780,
    781,
    782,
    783,
    784,
    785,
    786,
    787,
    788,
    789,
    790,
    791,
    792,
    793,
    794,
    795,
    796,
    797,
    798,
    799,
    800,
    801,
    802,
    803,
    804,
    805,
    806,
    807,
    808,
    809,
    810,
    811,
    812,
    813,
    814,
    815,
    816,
    817,
    818,
    819,
    820,
    821,
    822,
    823,
    824,
    825,
    826,
    827,
    828,
    829,
    830,
    831,
    832,
    833,
    834,
    835,
    836,
    837,
    838,
    839,
    840,
    841,
    842,
    843,
    844,
    845,
    846,
    847,
    848,
    849,
    850,
    851,
    852,
    853,
    854,
    855,
    856,
    857,
    858,
    859,
    860,
    861,
    862,
    863,
    864,
    865,
    866,
    867,
    868,
    869,
    870,
    871,
    872,
    873,
    874,
    875,
    876,
    877,
    878,
    879,
    880,
    881,
    882,
    883,
    884,
    885,
    886,
    887,
    888,
    889,
    890,
    891,
    892,
    893,
    894,
    895,
    896,
    897,
    898,
    899,
    900,
    901,
    902,
    903,
    904,
    905,
    906,
    907,
    908,
    909,
    910,
    911,
    912,
    913,
    914,
    915,
    916,
    917,
    918,
    919,
    920,
    921,
    922,
    923,
    924,
    925,
    926,
    927,
    928,
    929,
    930,
    931,
    932,
    933,
    934,
    935,
    936,
    937,
    938,
    939,
    940,
    941,
    942,
    943,
    944,
    945,
    946,
    947,
    948,
    949,
    950,
    951,
    952,
    953,
    954,
    955,
    956,
    957,
    958,
    959,
    960,
    961,
    962,
    963,
    964,
    965,
    966,
    967,
    968,
    969,
    970,
    971,
    972,
    973,
    974,
    975,
    976,
    977,
    978,
    979,
    980,
    981,
    982,
    983,
    984,
    985,
    986,
    987,
    988,
    989,
    990,
    991,
    992,
    993,
    994,
    995,
    996,
    997,
    998,
    999,
    1000,
    1001,
    1002,
    1003,
    1004,
    1005,
    1006,
    1007,
    1008,
    1009,
    1010,
    1011,
    1012,
    1013,
    1014,
    1015,
    1016,
    1017,
    1018,
    1019,
    1020,
    1021,
    1022,
    1023
  ],